,protein_id,class_id,number_of_points
0,5dgv_19:TC:c7_model1,0,11332
1,4u4r_19:TC:c7_model1,0,11172
2,5dge_19:S:C7_model1,0,12082
3,8ewc_24:X:BR_model1,0,11802
4,4u53_19:TC:c7_model1,0,11336
5,6s47_63:KB:BS_model1,0,11502
6,4u4n_19:TC:c7_model1,0,11266
7,4u4u_19:S:C7_model1,0,12146
8,6rbe_13:M:R_model1,0,11786
9,6y7c_17:Q:R_model1,0,13440
10,2xxm_1:A:A_model1,1,6392
11,8c01_3:C:C_model1,0,6808
12,4u50_19:S:C7_model1,0,11988
13,5tgm_19:TC:c7_model1,0,11448
14,5mei_82:NE:c7_model1,0,11312
15,8evs_24:X:BR_model1,0,11624
16,4u4o_19:S:C7_model1,0,12264
17,4u4n_19:S:C7_model1,0,12124
18,8cf5_78:ZB:t_model1,0,11046
19,6woo_65:MB:RR_model1,0,11798
20,8bqd_7:G:G_model1,0,11636
21,8ceh_78:ZB:t_model1,0,11340
22,6t4q_18:R:SR_model1,0,11772
23,8evt_24:X:BR_model1,0,11706
24,8eub_24:X:BR_model1,0,11932
25,5dgf_19:S:C7_model1,0,11970
26,4u4z_19:S:C7_model1,0,11982
27,5on6_67:OE:c7_model1,0,11362
28,6z6k_23:W:SR_model1,0,11186
29,2xv6_1:C:C_model1,1,5678
30,5ndg_19:TC:c7_model1,0,11428
31,8evr_24:X:BR_model1,0,11922
32,5lyb_19:TC:c7_model1,0,11294
33,6zvi_21:U:z_model1,0,12012
34,8civ_78:ZB:t_model1,0,11488
35,5ndv_63:KB:C7_model1,0,11604
36,4u3u_19:S:C7_model1,0,12132
37,5lyb_19:S:C7_model1,0,12092
38,7nrc_20:T:SG_model1,0,11784
39,4u55_19:TC:c7_model1,0,11310
40,4u3n_19:TC:c7_model1,0,11330
41,6hhq_65:OE:c7_model1,0,11274
42,6eml_4:D:C_model1,0,12340
43,5tgm_19:S:C7_model1,0,12162
44,5fci_19:S:C7_model1,0,12182
45,5tga_19:TC:c7_model1,0,11224
46,6i7o_36:JA:G_model1,0,11862
47,5dgv_19:S:C7_model1,0,12202
48,8evp_24:X:BR_model1,0,11564
49,4u4z_19:TC:c7_model1,0,11410
50,4u51_19:TC:c7_model1,0,11308
51,8cku_77:YB:t_model1,0,11554
52,7zpq_23:W:AR_model1,0,11670
53,5ndw_12:W:C7_model1,0,12052
54,4u4o_19:TC:c7_model1,0,11052
55,3j6y_64:LB:17_model1,0,12424
56,4v88_19:S:AR_model1,0,12086
57,8bqx_8:H:G_model1,0,11598
58,6tb3_20:T:G_model1,0,11628
59,7zw0_21:U:sG_model1,0,11598
60,7b7d_20:T:G_model1,0,11918
61,4u3n_19:S:C7_model1,0,12120
62,5dc3_19:S:C7_model1,0,12170
63,3j78_63:KB:17_model1,0,12404
64,3j6x_64:LB:17_model1,0,12570
65,4v8z_26:Z:AR_model1,0,12040
66,3j77_63:KB:17_model1,0,12518
67,8cah_33:GA:H_model1,0,12052
68,5i4l_19:S:C7_model1,0,12166
69,8ccs_77:YB:t_model1,0,11320
70,8cdl_77:YB:t_model1,0,11374
71,5mei_66:GD:S_model1,0,12062
72,5fcj_19:S:C7_model1,0,12150
73,4u53_19:S:C7_model1,0,12030
74,6z6j_23:W:SR_model1,0,11242
75,5obm_63:OE:c7_model1,0,11524
76,4u56_19:S:C7_model1,0,12040
77,4u50_19:TC:c7_model1,0,11304
78,5ndg_19:S:C7_model1,0,11726
79,5tbw_82:OE:c7_model1,0,11406
80,4v8y_26:Z:AR_model1,0,12040
81,5dat_19:TC:c7_model1,0,11446
82,6t7t_21:U:SR_model1,0,11932
83,4u3m_19:TC:c7_model1,0,11318
84,6hhq_65:FD:S_model1,0,12250
85,4u51_19:S:C7_model1,0,12070
86,4u4y_19:TC:c7_model1,0,11348
87,4u4q_19:S:C7_model1,0,12168
88,8evq_24:X:BR_model1,0,11782
89,1aum_1:A:A_model1,1,5788
90,4u6f_19:S:C7_model1,0,12176
91,5dat_19:S:C7_model1,0,12146
92,8cdr_78:ZB:t_model1,0,11456
93,8cg8_78:ZB:t_model1,0,11468
94,5dc3_19:TC:c7_model1,0,11340
95,4u6f_19:TC:c7_model1,0,11370
96,4u4r_19:S:C7_model1,0,12136
97,4u4y_19:S:C7_model1,0,12222
98,5dge_19:TC:c7_model1,0,11494
99,4u52_19:TC:c7_model1,0,11296
100,6q8y_63:KB:G_model1,0,11924
101,7a1g_26:Z:H_model1,0,12056
102,4u4u_19:TC:c7_model1,0,11342
103,4u52_19:S:C7_model1,0,12058
